id,image_path,task_aux,transfer_count,difficulty,station_count,line_count,interchange_count
TR0001,train_images/TR0001.png,source=Forest;target=Delta,1,easy,10,3,2
TR0002,train_images/TR0002.png,source=Lagoon;target=Cedar,3,hard,57,8,7
TR0003,train_images/TR0003.png,source=Delta;target=Central,0,easy,7,2,1
TR0004,train_images/TR0004.png,source=River;target=Aster,3,medium,21,4,3
TR0005,train_images/TR0005.png,source=Park;target=Iris,1,medium,24,5,3
TR0006,train_images/TR0006.png,source=Grove;target=Terrace,1,medium,22,4,2
TR0007,train_images/TR0007.png,source=Aster1;target=York,1,hard,65,9,7
TR0008,train_images/TR0008.png,source=Grove;target=Beacon,1,easy,10,3,2
TR0009,train_images/TR0009.png,source=Park;target=Forest,1,medium,18,4,3
TR0010,train_images/TR0010.png,source=Delta;target=Yarrow,1,medium,28,5,4
TR0011,train_images/TR0011.png,source=Forest;target=Central,1,easy,7,2,1
TR0012,train_images/TR0012.png,source=Jade;target=Meadow,1,hard,47,6,4
TR0013,train_images/TR0013.png,source=Iris;target=Jade,1,medium,20,4,2
TR0014,train_images/TR0014.png,source=Maple;target=Zenith,1,medium,28,6,4
TR0015,train_images/TR0015.png,source=Brook;target=Park,3,medium,28,6,4
TR0016,train_images/TR0016.png,source=Grove;target=Terrace,1,medium,28,5,4
TR0017,train_images/TR0017.png,source=Park;target=Aurora,2,medium,30,6,4
TR0018,train_images/TR0018.png,source=Forest;target=Harbor,1,medium,21,4,3
TR0019,train_images/TR0019.png,source=Lagoon;target=Vale,2,medium,25,5,3
TR0020,train_images/TR0020.png,source=Park;target=Meadow,3,hard,54,7,6
TR0021,train_images/TR0021.png,source=Beacon;target=Grove,1,easy,7,2,1
TR0022,train_images/TR0022.png,source=River;target=Stone,2,hard,73,9,8
TR0023,train_images/TR0023.png,source=Jade;target=Park,1,medium,22,4,3
TR0024,train_images/TR0024.png,source=Grove;target=Quartz,2,medium,27,5,4
TR0025,train_images/TR0025.png,source=Beacon;target=Brook,2,medium,30,6,5
TR0026,train_images/TR0026.png,source=Harbor;target=Liberty,2,hard,71,9,7
TR0027,train_images/TR0027.png,source=Central;target=Delta,1,easy,14,4,3
TR0028,train_images/TR0028.png,source=Vale;target=Lagoon,0,medium,35,6,5
TR0029,train_images/TR0029.png,source=Forest;target=Union,2,medium,33,6,5
TR0030,train_images/TR0030.png,source=Quartz;target=Forest,1,medium,20,4,2
TR0031,train_images/TR0031.png,source=Summit;target=Elm,1,medium,26,5,3
TR0032,train_images/TR0032.png,source=Summit;target=Ivory,3,hard,62,8,6
TR0033,train_images/TR0033.png,source=Harbor;target=Willow,2,hard,48,6,4
TR0034,train_images/TR0034.png,source=Forest;target=Harbor,0,easy,8,2,1
TR0035,train_images/TR0035.png,source=Beacon;target=Delta,0,easy,14,4,3
TR0036,train_images/TR0036.png,source=Beacon;target=Aster,0,easy,7,2,1
TR0037,train_images/TR0037.png,source=Harbor;target=Central,1,medium,20,4,3
TR0038,train_images/TR0038.png,source=Jade;target=Zenith,2,medium,27,5,3
TR0039,train_images/TR0039.png,source=Iris;target=Elm,0,easy,14,4,3
TR0040,train_images/TR0040.png,source=Beacon;target=River,1,medium,18,4,3
TR0041,train_images/TR0041.png,source=Harbor;target=River,2,medium,20,4,3
TR0042,train_images/TR0042.png,source=Central;target=Elm,1,easy,10,3,2
TR0043,train_images/TR0043.png,source=Yarrow;target=Dawn,1,medium,32,6,5
TR0044,train_images/TR0044.png,source=Falcon;target=Union,1,medium,34,6,4
TR0045,train_images/TR0045.png,source=Central;target=Forest,1,easy,10,4,3
TR0046,train_images/TR0046.png,source=Forest;target=Elm,0,easy,8,2,1
TR0047,train_images/TR0047.png,source=Harbor;target=Aster,0,easy,12,3,2
TR0048,train_images/TR0048.png,source=Vale;target=Nova,1,hard,52,7,5
TR0049,train_images/TR0049.png,source=Ivory;target=Yarrow,4,hard,41,6,5
TR0050,train_images/TR0050.png,source=Harbor;target=Delta,1,easy,15,4,3
TR0051,train_images/TR0051.png,source=Ivory;target=Delta,1,hard,52,7,6
TR0052,train_images/TR0052.png,source=Jade;target=Lagoon,1,easy,15,4,3
TR0053,train_images/TR0053.png,source=Iris;target=Grove,0,easy,13,4,3
TR0054,train_images/TR0054.png,source=Jade;target=Central,0,medium,22,4,3
TR0055,train_images/TR0055.png,source=Aster;target=Kingfisher,0,easy,12,4,1
TR0056,train_images/TR0056.png,source=River;target=Juniper,3,hard,66,9,8
TR0057,train_images/TR0057.png,source=Terrace;target=Maple,1,medium,28,5,3
TR0058,train_images/TR0058.png,source=Cedar;target=River,2,medium,30,6,5
TR0059,train_images/TR0059.png,source=Jade;target=Kingfisher,0,easy,11,4,3
TR0060,train_images/TR0060.png,source=Beacon;target=Delta,0,easy,8,3,2
TR0061,train_images/TR0061.png,source=Orchid;target=Delta,1,medium,20,4,2
TR0062,train_images/TR0062.png,source=Quartz;target=Vale,1,medium,25,5,4
TR0063,train_images/TR0063.png,source=Forest;target=Central,1,easy,12,4,3
TR0064,train_images/TR0064.png,source=Orchid;target=Union,2,medium,25,5,4
TR0065,train_images/TR0065.png,source=Delta;target=Pioneer,2,hard,47,6,5
TR0066,train_images/TR0066.png,source=Vale;target=Ember,2,hard,55,7,6
TR0067,train_images/TR0067.png,source=Delta;target=Central,0,easy,8,2,1
TR0068,train_images/TR0068.png,source=Harbor;target=Central,1,easy,12,3,1
TR0069,train_images/TR0069.png,source=Grove;target=Central,1,easy,16,4,3
TR0070,train_images/TR0070.png,source=Maple;target=Terrace,2,medium,27,6,5
TR0071,train_images/TR0071.png,source=Juniper;target=Elm,1,hard,53,7,5
TR0072,train_images/TR0072.png,source=Forest;target=Terrace,2,medium,30,6,4
TR0073,train_images/TR0073.png,source=Park;target=Terrace,0,medium,25,5,4
TR0074,train_images/TR0074.png,source=Delta;target=Aster,0,easy,15,4,2
TR0075,train_images/TR0075.png,source=Aster;target=Elm,1,easy,11,3,2
TR0076,train_images/TR0076.png,source=Jade;target=Maple,2,medium,20,4,3
TR0077,train_images/TR0077.png,source=Beacon;target=Jade,0,easy,13,4,3
TR0078,train_images/TR0078.png,source=Park;target=Willow,2,medium,32,6,5
TR0079,train_images/TR0079.png,source=Grove;target=Forest,0,easy,8,2,1
TR0080,train_images/TR0080.png,source=Grove;target=Park,0,medium,29,6,4
TR0081,train_images/TR0081.png,source=Iris;target=Park,1,hard,68,9,9
TR0082,train_images/TR0082.png,source=Delta;target=Elm,0,easy,11,3,2
TR0083,train_images/TR0083.png,source=Juniper;target=River,3,hard,58,8,6
TR0084,train_images/TR0084.png,source=Grove;target=Summit,2,medium,25,5,4
TR0085,train_images/TR0085.png,source=Iris;target=Aster,1,easy,13,4,2
TR0086,train_images/TR0086.png,source=Vale;target=River,0,medium,31,6,5
TR0087,train_images/TR0087.png,source=Ember;target=Vale,4,hard,67,9,8
TR0088,train_images/TR0088.png,source=Willow;target=Nova,2,medium,26,5,4
TR0089,train_images/TR0089.png,source=Iris;target=Jade,0,easy,15,4,2
TR0090,train_images/TR0090.png,source=Summit;target=Willow,0,medium,23,4,2
TR0091,train_images/TR0091.png,source=Harbor;target=Elm,1,easy,10,3,1
TR0092,train_images/TR0092.png,source=North;target=Forest,1,hard,66,9,6
TR0093,train_images/TR0093.png,source=Zenith;target=Lagoon,1,medium,31,6,4
TR0094,train_images/TR0094.png,source=Delta;target=Central,0,easy,16,4,3
TR0095,train_images/TR0095.png,source=Aster1;target=Jade,3,hard,72,9,8
TR0096,train_images/TR0096.png,source=Grove;target=Summit,3,medium,21,4,3
TR0097,train_images/TR0097.png,source=Iris;target=Elm,1,easy,10,4,3
TR0098,train_images/TR0098.png,source=Delta;target=Harbor,1,medium,21,4,2
TR0099,train_images/TR0099.png,source=Keystone;target=Forest,1,hard,49,7,5
TR0100,train_images/TR0100.png,source=Ivory;target=North,3,hard,51,7,6
TR0101,train_images/TR0101.png,source=Central;target=Beacon,0,easy,7,2,1
TR0102,train_images/TR0102.png,source=Elm;target=Forest,0,easy,6,2,1
TR0103,train_images/TR0103.png,source=Delta;target=Beacon,0,easy,7,2,1
TR0104,train_images/TR0104.png,source=Lagoon;target=Elm,2,medium,33,6,5
TR0105,train_images/TR0105.png,source=Beacon;target=Park,2,medium,29,6,5
TR0106,train_images/TR0106.png,source=Lagoon;target=Beacon,1,medium,25,5,4
TR0107,train_images/TR0107.png,source=Delta;target=Vale,1,medium,25,5,4
TR0108,train_images/TR0108.png,source=Aster;target=Beacon,0,easy,10,4,3
TR0109,train_images/TR0109.png,source=Elm;target=Park,1,medium,30,6,5
TR0110,train_images/TR0110.png,source=Quartz;target=Aurora,1,medium,32,6,5
TR0111,train_images/TR0111.png,source=Harbor;target=Central,1,medium,20,4,3
TR0112,train_images/TR0112.png,source=Jade;target=Ridge,4,hard,45,6,5
TR0113,train_images/TR0113.png,source=Union;target=Delta,0,medium,22,4,2
TR0114,train_images/TR0114.png,source=Orchid;target=Lagoon,2,medium,33,6,4
TR0115,train_images/TR0115.png,source=Union;target=Echo,3,hard,63,9,9
TR0116,train_images/TR0116.png,source=York;target=Garden,3,hard,62,8,7
TR0117,train_images/TR0117.png,source=Grove;target=Beacon,1,easy,7,2,1
TR0118,train_images/TR0118.png,source=Forest;target=Delta,1,easy,9,3,2
TR0119,train_images/TR0119.png,source=Maple;target=Iris,0,medium,23,4,3
TR0120,train_images/TR0120.png,source=Upland;target=Forest,1,hard,67,9,8
TR0121,train_images/TR0121.png,source=Summit;target=Elm,1,hard,60,8,6
TR0122,train_images/TR0122.png,source=Maple;target=Union,2,hard,59,8,6
TR0123,train_images/TR0123.png,source=Beacon;target=Forest,1,easy,9,3,1
TR0124,train_images/TR0124.png,source=Iris;target=Union,2,medium,25,5,3
TR0125,train_images/TR0125.png,source=Elm;target=Forest,0,easy,6,2,1
TR0126,train_images/TR0126.png,source=Kingfisher;target=Harbor,1,easy,13,4,1
TR0127,train_images/TR0127.png,source=Ivory;target=Birch,3,hard,64,8,7
TR0128,train_images/TR0128.png,source=Aurora;target=Willow,0,medium,33,6,4
TR0129,train_images/TR0129.png,source=Forest;target=Beacon,1,easy,10,3,2
TR0130,train_images/TR0130.png,source=Aster;target=Forest,0,easy,6,2,1
TR0131,train_images/TR0131.png,source=Delta;target=Beacon,1,easy,8,3,2
TR0132,train_images/TR0132.png,source=River;target=Kingfisher,1,medium,32,6,5
TR0133,train_images/TR0133.png,source=North;target=Lagoon,2,hard,45,6,4
TR0134,train_images/TR0134.png,source=Elm;target=Grove,1,easy,10,3,2
TR0135,train_images/TR0135.png,source=Beacon;target=Delta,1,easy,13,4,3
TR0136,train_images/TR0136.png,source=Nova;target=Forest,2,easy,16,4,3
TR0137,train_images/TR0137.png,source=Iris;target=Grove,2,easy,14,4,3
TR0138,train_images/TR0138.png,source=Delta;target=Iris,1,medium,25,5,3
TR0139,train_images/TR0139.png,source=Beacon;target=Harbor,1,easy,8,2,1
TR0140,train_images/TR0140.png,source=Maple;target=Lagoon,0,easy,13,3,2
TR0141,train_images/TR0141.png,source=Delta;target=Elm,0,easy,7,3,2
TR0142,train_images/TR0142.png,source=Quartz;target=Harbor,0,hard,71,9,7
TR0143,train_images/TR0143.png,source=Forest;target=Beacon,1,easy,6,2,1
TR0144,train_images/TR0144.png,source=Jade;target=Aster,0,easy,11,3,1
TR0145,train_images/TR0145.png,source=Aster;target=Elm,0,easy,6,2,1
TR0146,train_images/TR0146.png,source=Delta;target=Iris,1,easy,10,3,1
TR0147,train_images/TR0147.png,source=Elm;target=Aster,0,medium,20,4,3
TR0148,train_images/TR0148.png,source=Forest;target=Iris,1,easy,10,3,2
TR0149,train_images/TR0149.png,source=Delta;target=Beacon,0,easy,5,2,1
TR0150,train_images/TR0150.png,source=Beacon;target=Kingfisher,1,medium,33,6,5
TR0151,train_images/TR0151.png,source=Forest;target=Harbor,0,easy,9,3,2
TR0152,train_images/TR0152.png,source=Central;target=Aster,0,easy,8,2,1
TR0153,train_images/TR0153.png,source=Kingfisher;target=Central,1,medium,22,4,3
TR0154,train_images/TR0154.png,source=Grove;target=Summit,1,medium,34,6,5
TR0155,train_images/TR0155.png,source=Hill;target=Echo,0,medium,36,6,5
TR0156,train_images/TR0156.png,source=Central;target=Elm,1,easy,6,2,1
TR0157,train_images/TR0157.png,source=Union;target=Yarrow,1,medium,28,5,4
TR0158,train_images/TR0158.png,source=Aster;target=Elm,0,easy,8,2,1
TR0159,train_images/TR0159.png,source=Summit;target=North,1,hard,58,7,5
TR0160,train_images/TR0160.png,source=Terrace;target=Central,1,medium,21,4,3
TR0161,train_images/TR0161.png,source=Central;target=Jade,2,easy,11,3,2
TR0162,train_images/TR0162.png,source=Beacon;target=Iris,1,easy,12,4,3
TR0163,train_images/TR0163.png,source=Dawn;target=Ridge,3,hard,53,7,6
TR0164,train_images/TR0164.png,source=Forest;target=Elm,0,easy,11,3,2
TR0165,train_images/TR0165.png,source=Xenia;target=River,2,hard,61,8,7
TR0166,train_images/TR0166.png,source=Elm;target=Harbor,1,medium,20,4,3
TR0167,train_images/TR0167.png,source=Iris;target=Elm,0,medium,22,4,3
TR0168,train_images/TR0168.png,source=Kingfisher;target=Beacon,1,medium,23,4,3
TR0169,train_images/TR0169.png,source=Forest;target=Delta,0,easy,7,2,1
TR0170,train_images/TR0170.png,source=Jetty;target=Iris,2,hard,68,9,8
TR0171,train_images/TR0171.png,source=Central;target=Iris,1,medium,22,4,3
TR0172,train_images/TR0172.png,source=Garden;target=Pioneer,1,hard,48,7,5
TR0173,train_images/TR0173.png,source=Aster;target=Central,0,easy,11,3,2
TR0174,train_images/TR0174.png,source=Delta;target=Orchid,1,medium,26,5,4
TR0175,train_images/TR0175.png,source=Lagoon;target=Iris,0,easy,16,4,3
TR0176,train_images/TR0176.png,source=Ridge;target=Vale,2,hard,48,6,5
TR0177,train_images/TR0177.png,source=Lagoon;target=Central,1,medium,24,5,2
TR0178,train_images/TR0178.png,source=Aster;target=Forest,1,easy,7,2,1
TR0179,train_images/TR0179.png,source=Delta;target=Harbor,0,easy,10,3,1
TR0180,train_images/TR0180.png,source=Yarrow;target=Meadow,2,hard,44,6,5
TR0181,train_images/TR0181.png,source=Summit;target=Central,1,medium,25,5,4
TR0182,train_images/TR0182.png,source=Beacon;target=Aster,0,easy,5,2,1
TR0183,train_images/TR0183.png,source=Elm;target=Lagoon,1,easy,13,4,2
TR0184,train_images/TR0184.png,source=Zenith;target=Jade,1,medium,28,6,4
TR0185,train_images/TR0185.png,source=North;target=Garden,2,hard,48,7,6
TR0186,train_images/TR0186.png,source=Elm;target=Aster,0,medium,18,4,3
TR0187,train_images/TR0187.png,source=Lagoon;target=Grove,1,easy,13,4,2
TR0188,train_images/TR0188.png,source=Delta;target=Elm,0,easy,7,2,1
TR0189,train_images/TR0189.png,source=Union;target=Xenia,1,medium,27,5,3
TR0190,train_images/TR0190.png,source=Beacon;target=Jade,1,medium,25,5,4
TR0191,train_images/TR0191.png,source=Summit;target=Brook,0,medium,34,6,5
TR0192,train_images/TR0192.png,source=Iris;target=Park,2,medium,26,5,4
TR0193,train_images/TR0193.png,source=Central;target=Harbor,1,easy,8,2,1
TR0194,train_images/TR0194.png,source=Maple;target=Queens,3,hard,54,7,6
TR0195,train_images/TR0195.png,source=Liberty;target=Cedar,2,hard,45,6,5
TR0196,train_images/TR0196.png,source=Aster;target=Grove,1,easy,7,2,1
TR0197,train_images/TR0197.png,source=Xenia;target=Lagoon,2,medium,25,5,4
TR0198,train_images/TR0198.png,source=Jade;target=Aster,0,easy,14,4,2
TR0199,train_images/TR0199.png,source=Jade;target=Zenith,1,medium,32,6,5
TR0200,train_images/TR0200.png,source=River;target=Kingfisher,1,medium,22,4,3
TR0201,train_images/TR0201.png,source=Willow;target=Liberty,2,hard,41,6,4
TR0202,train_images/TR0202.png,source=Beacon;target=Maple,2,medium,20,4,3
TR0203,train_images/TR0203.png,source=Yarrow;target=Quartz,2,medium,30,6,4
TR0204,train_images/TR0204.png,source=Grove;target=Union,1,medium,22,4,3
TR0205,train_images/TR0205.png,source=Kingfisher;target=Delta,1,easy,13,3,2
TR0206,train_images/TR0206.png,source=Jade;target=Central,1,easy,14,4,3
TR0207,train_images/TR0207.png,source=Beacon;target=Aster,0,easy,6,2,1
TR0208,train_images/TR0208.png,source=Grove;target=Delta,0,easy,8,2,1
TR0209,train_images/TR0209.png,source=Xenia;target=Summit,2,medium,31,6,3
TR0210,train_images/TR0210.png,source=Juniper;target=Dawn,2,hard,57,8,7
TR0211,train_images/TR0211.png,source=West;target=Echo,2,hard,52,8,6
TR0212,train_images/TR0212.png,source=Central;target=Summit,2,medium,33,6,5
TR0213,train_images/TR0213.png,source=Maple;target=Union,3,medium,25,5,4
TR0214,train_images/TR0214.png,source=Aster;target=Summit,1,medium,25,5,3
TR0215,train_images/TR0215.png,source=Union;target=Dawn,0,medium,30,6,5
TR0216,train_images/TR0216.png,source=Beacon;target=Elm,1,easy,7,2,1
TR0217,train_images/TR0217.png,source=Aster;target=Grove,0,easy,7,2,1
TR0218,train_images/TR0218.png,source=Beacon;target=Elm,0,easy,9,3,2
TR0219,train_images/TR0219.png,source=Oak;target=Vale,3,hard,48,6,5
TR0220,train_images/TR0220.png,source=Lagoon;target=Harbor,2,medium,21,4,3
TR0221,train_images/TR0221.png,source=Harbor;target=Quartz,2,medium,24,4,3
TR0222,train_images/TR0222.png,source=Maple;target=West,1,hard,61,8,6
TR0223,train_images/TR0223.png,source=Lagoon;target=Delta,1,hard,50,6,4
TR0224,train_images/TR0224.png,source=Delta;target=Orchid,2,medium,18,4,3
TR0225,train_images/TR0225.png,source=Elm;target=Beacon,1,easy,5,2,1
TR0226,train_images/TR0226.png,source=Vale;target=Beacon,1,medium,27,5,4
TR0227,train_images/TR0227.png,source=Terrace;target=Forest,1,medium,21,4,3
TR0228,train_images/TR0228.png,source=Terrace;target=Upland,3,hard,48,6,5
TR0229,train_images/TR0229.png,source=Grove;target=Forest,0,easy,14,4,3
TR0230,train_images/TR0230.png,source=Zenith;target=Ivory,3,hard,51,7,5
TR0231,train_images/TR0231.png,source=Forest;target=Elm,1,easy,7,2,1
TR0232,train_images/TR0232.png,source=Iris;target=Beacon,1,medium,19,4,3
TR0233,train_images/TR0233.png,source=Dawn;target=Beacon,2,hard,58,8,7
TR0234,train_images/TR0234.png,source=Aster;target=Grove,1,easy,11,4,3
TR0235,train_images/TR0235.png,source=Forest;target=River,1,medium,24,4,3
TR0236,train_images/TR0236.png,source=Forest;target=Grove,0,easy,8,3,2
TR0237,train_images/TR0237.png,source=Garden;target=Zenith,2,hard,55,7,5
TR0238,train_images/TR0238.png,source=Maple;target=Jade,1,medium,20,4,3
TR0239,train_images/TR0239.png,source=Lagoon;target=Central,1,medium,28,5,4
TR0240,train_images/TR0240.png,source=Ridge;target=Terrace,1,hard,59,8,5
TR0241,train_images/TR0241.png,source=Aster;target=Elm,1,easy,12,4,3
TR0242,train_images/TR0242.png,source=Vista;target=Elm,2,hard,51,7,6
TR0243,train_images/TR0243.png,source=Delta;target=Vale,2,medium,27,5,4
TR0244,train_images/TR0244.png,source=Zenith;target=Forest,2,medium,28,6,5
TR0245,train_images/TR0245.png,source=Elm;target=Jade,1,easy,12,3,2
TR0246,train_images/TR0246.png,source=Grove;target=Delta,0,easy,12,4,2
TR0247,train_images/TR0247.png,source=Vale;target=Kingfisher,2,hard,54,7,6
TR0248,train_images/TR0248.png,source=Elm;target=Aster,1,easy,6,2,1
TR0249,train_images/TR0249.png,source=Elm;target=Willow,2,medium,28,5,4
TR0250,train_images/TR0250.png,source=Delta;target=Xenia,1,medium,32,6,5
TR0251,train_images/TR0251.png,source=Beacon;target=Quartz,2,medium,20,4,2
TR0252,train_images/TR0252.png,source=Orchid;target=Birch,2,hard,55,8,7
TR0253,train_images/TR0253.png,source=Central;target=Delta,0,easy,7,2,1
TR0254,train_images/TR0254.png,source=Central;target=Elm,1,easy,8,3,2
TR0255,train_images/TR0255.png,source=Harbor;target=Elm,0,easy,11,3,2
TR0256,train_images/TR0256.png,source=Nova;target=Jade,1,medium,21,5,4
TR0257,train_images/TR0257.png,source=Maple;target=Central,1,medium,25,5,4
TR0258,train_images/TR0258.png,source=Hill;target=Tower,1,hard,48,6,5
TR0259,train_images/TR0259.png,source=Lagoon;target=Harbor,2,easy,12,4,2
TR0260,train_images/TR0260.png,source=Beacon;target=Park,0,medium,35,6,5
TR0261,train_images/TR0261.png,source=Beacon;target=Central,0,easy,7,2,1
TR0262,train_images/TR0262.png,source=Beacon;target=Park,1,medium,25,5,4
TR0263,train_images/TR0263.png,source=Grove;target=Union,1,medium,33,6,5
TR0264,train_images/TR0264.png,source=Central;target=Beacon,0,easy,9,2,1
TR0265,train_images/TR0265.png,source=Aster;target=Harbor,1,medium,19,4,3
TR0266,train_images/TR0266.png,source=Dawn;target=Willow,2,medium,32,6,4
TR0267,train_images/TR0267.png,source=Forest;target=Harbor,0,easy,9,3,2
TR0268,train_images/TR0268.png,source=Queens;target=Iris,3,hard,57,8,6
TR0269,train_images/TR0269.png,source=Terrace;target=Delta,1,medium,28,6,5
TR0270,train_images/TR0270.png,source=Nova;target=Willow,1,medium,34,6,4
TR0271,train_images/TR0271.png,source=Ridge;target=Glade,4,hard,63,8,6
TR0272,train_images/TR0272.png,source=Jade;target=Elm,1,medium,24,5,3
TR0273,train_images/TR0273.png,source=Elm;target=River,2,medium,22,4,3
TR0274,train_images/TR0274.png,source=Central;target=Elm,0,easy,13,4,3
TR0275,train_images/TR0275.png,source=Grove;target=Maple,2,medium,30,6,5
TR0276,train_images/TR0276.png,source=Forest;target=River,1,medium,27,5,4
TR0277,train_images/TR0277.png,source=Harbor;target=Zenith,1,medium,28,5,4
TR0278,train_images/TR0278.png,source=Forest;target=Delta,1,easy,8,3,1
TR0279,train_images/TR0279.png,source=Central;target=Quartz,1,medium,22,4,3
TR0280,train_images/TR0280.png,source=Central;target=Park,1,medium,28,5,4
TR0281,train_images/TR0281.png,source=Terrace;target=Maple,2,medium,23,5,4
TR0282,train_images/TR0282.png,source=Elm;target=Kingfisher,0,easy,12,3,2
TR0283,train_images/TR0283.png,source=Beacon;target=Harbor,1,easy,10,3,2
TR0284,train_images/TR0284.png,source=Union;target=Grove,0,medium,21,4,3
TR0285,train_images/TR0285.png,source=Forest;target=Nova,1,medium,23,5,4
TR0286,train_images/TR0286.png,source=Kingfisher;target=Nova,3,medium,17,4,3
TR0287,train_images/TR0287.png,source=Aster;target=Nova,2,medium,21,4,3
TR0288,train_images/TR0288.png,source=Delta;target=Aster,0,easy,11,3,2
TR0289,train_images/TR0289.png,source=Delta;target=Elm,0,easy,13,4,2
TR0290,train_images/TR0290.png,source=Central;target=Forest,1,easy,14,4,3
TR0291,train_images/TR0291.png,source=Harbor;target=York,1,hard,54,6,4
TR0292,train_images/TR0292.png,source=Kingfisher;target=Union,2,hard,45,6,5
TR0293,train_images/TR0293.png,source=Forest;target=Maple,1,medium,21,4,2
TR0294,train_images/TR0294.png,source=Aster;target=Delta,0,easy,10,3,2
TR0295,train_images/TR0295.png,source=Keystone;target=Xenia,3,hard,47,6,5
TR0296,train_images/TR0296.png,source=Orchid;target=Delta,1,medium,20,4,3
TR0297,train_images/TR0297.png,source=Iris;target=Forest,1,easy,12,4,3
TR0298,train_images/TR0298.png,source=Jade;target=Delta,0,easy,11,3,2
TR0299,train_images/TR0299.png,source=Beacon;target=Willow,1,medium,30,6,5
TR0300,train_images/TR0300.png,source=Harbor;target=Aster,0,easy,15,4,3
TR0301,train_images/TR0301.png,source=Echo;target=Meadow,3,hard,49,7,6
TR0302,train_images/TR0302.png,source=Delta;target=Aster,0,easy,7,2,1
TR0303,train_images/TR0303.png,source=Pioneer;target=Willow,2,hard,53,7,7
TR0304,train_images/TR0304.png,source=Delta;target=Elm,0,easy,8,2,1
TR0305,train_images/TR0305.png,source=Grove;target=Nova,1,medium,20,4,2
TR0306,train_images/TR0306.png,source=Delta;target=Central,0,easy,8,3,2
TR0307,train_images/TR0307.png,source=Jade;target=Vale,2,hard,49,6,4
TR0308,train_images/TR0308.png,source=Aster;target=Central,0,easy,9,3,2
TR0309,train_images/TR0309.png,source=Elm;target=Quartz,0,medium,32,6,4
TR0310,train_images/TR0310.png,source=Forest;target=Grove,0,easy,9,3,2
TR0311,train_images/TR0311.png,source=Aster;target=Elm,0,medium,28,6,5
TR0312,train_images/TR0312.png,source=Juniper;target=Upland,2,hard,50,6,3
TR0313,train_images/TR0313.png,source=Beacon;target=Union,1,medium,31,6,5
TR0314,train_images/TR0314.png,source=Forest;target=Beacon,1,easy,12,3,2
TR0315,train_images/TR0315.png,source=Beacon;target=Elm,0,easy,6,2,1
TR0316,train_images/TR0316.png,source=Delta;target=Beacon,0,easy,6,2,1
TR0317,train_images/TR0317.png,source=Aster;target=Elm,1,easy,9,3,2
TR0318,train_images/TR0318.png,source=Hill;target=Kingfisher,3,hard,50,7,7
TR0319,train_images/TR0319.png,source=Ridge;target=Nova,3,hard,55,7,5
TR0320,train_images/TR0320.png,source=Harbor;target=Elm,1,medium,21,4,2
TR0321,train_images/TR0321.png,source=Aster;target=Beacon,0,easy,12,3,2
TR0322,train_images/TR0322.png,source=Juniper;target=Echo,4,hard,61,8,8
TR0323,train_images/TR0323.png,source=Iris;target=Grove,1,easy,10,4,3
TR0324,train_images/TR0324.png,source=Yarrow;target=Union,1,hard,50,7,5
TR0325,train_images/TR0325.png,source=Harbor;target=Forest,0,easy,13,4,3
TR0326,train_images/TR0326.png,source=Elm;target=Beacon,0,easy,6,2,1
TR0327,train_images/TR0327.png,source=Iris;target=Quartz,2,medium,21,4,3
TR0328,train_images/TR0328.png,source=Willow;target=Aster,1,medium,27,5,4
TR0329,train_images/TR0329.png,source=Elm;target=Falcon,1,medium,34,6,5
TR0330,train_images/TR0330.png,source=Elm;target=Aster,1,easy,6,2,1
TR0331,train_images/TR0331.png,source=Harbor;target=Central,1,easy,10,3,2
TR0332,train_images/TR0332.png,source=Elm;target=Grove,0,easy,10,4,3
TR0333,train_images/TR0333.png,source=Kingfisher;target=Delta,1,medium,25,5,4
TR0334,train_images/TR0334.png,source=Juniper;target=Queens,3,hard,44,6,5
TR0335,train_images/TR0335.png,source=Nova;target=Vista,2,hard,55,7,5
TR0336,train_images/TR0336.png,source=Delta;target=Quartz,2,medium,26,5,4
TR0337,train_images/TR0337.png,source=Forest;target=Harbor,1,medium,20,4,2
TR0338,train_images/TR0338.png,source=Xenia;target=Falcon,1,hard,57,7,6
TR0339,train_images/TR0339.png,source=Zenith;target=Echo,2,hard,43,6,5
TR0340,train_images/TR0340.png,source=River;target=Maple,0,medium,33,6,4
TR0341,train_images/TR0341.png,source=Elm;target=Aster,0,medium,19,4,3
TR0342,train_images/TR0342.png,source=Aster;target=Beacon,0,easy,11,4,2
TR0343,train_images/TR0343.png,source=Harbor;target=Orchid,2,medium,21,4,3
TR0344,train_images/TR0344.png,source=Central;target=Lagoon,1,easy,14,4,1
TR0345,train_images/TR0345.png,source=Beacon;target=Falcon,0,medium,34,6,5
TR0346,train_images/TR0346.png,source=Yarrow;target=Aster,1,medium,33,6,5
TR0347,train_images/TR0347.png,source=Maple;target=Central,1,medium,28,5,4
TR0348,train_images/TR0348.png,source=Nova;target=Grove,2,medium,28,6,4
TR0349,train_images/TR0349.png,source=Summit;target=Elm,2,medium,27,5,4
TR0350,train_images/TR0350.png,source=Jade;target=Central,1,easy,11,4,2
TR0351,train_images/TR0351.png,source=Delta;target=Forest,0,easy,9,3,2
TR0352,train_images/TR0352.png,source=Maple;target=Central,1,easy,15,4,2
TR0353,train_images/TR0353.png,source=Elm;target=Forest,2,easy,7,3,2
TR0354,train_images/TR0354.png,source=Beacon;target=Elm,0,easy,7,2,1
TR0355,train_images/TR0355.png,source=Echo;target=Liberty,2,hard,68,9,8
TR0356,train_images/TR0356.png,source=Falcon;target=Grove,2,hard,45,6,4
TR0357,train_images/TR0357.png,source=Harbor;target=Terrace,1,medium,23,4,3
TR0358,train_images/TR0358.png,source=Aster;target=Lagoon,1,hard,48,6,4
TR0359,train_images/TR0359.png,source=Iris;target=Aster,1,medium,22,4,3
TR0360,train_images/TR0360.png,source=Maple;target=Xenia,2,hard,54,7,6
TR0361,train_images/TR0361.png,source=Aster;target=Grove,0,medium,34,6,4
TR0362,train_images/TR0362.png,source=Orchid;target=Dawn,2,hard,68,9,7
TR0363,train_images/TR0363.png,source=Aster;target=Zenith,1,medium,29,6,5
TR0364,train_images/TR0364.png,source=Juniper;target=Glade,4,hard,60,8,6
TR0365,train_images/TR0365.png,source=Jade;target=Tower,2,hard,74,9,7
TR0366,train_images/TR0366.png,source=Central;target=Elm,1,easy,5,2,1
TR0367,train_images/TR0367.png,source=Harbor;target=Iris,0,easy,9,3,1
TR0368,train_images/TR0368.png,source=Quartz;target=Nova,2,medium,26,5,3
TR0369,train_images/TR0369.png,source=Juniper;target=Maple,3,hard,57,8,7
TR0370,train_images/TR0370.png,source=Grove;target=Jade,1,easy,12,4,2
TR0371,train_images/TR0371.png,source=Elm;target=Kingfisher,1,medium,32,6,4
TR0372,train_images/TR0372.png,source=River;target=Kingfisher,1,medium,30,6,3
TR0373,train_images/TR0373.png,source=Beacon1;target=Aurora,5,hard,67,9,7
TR0374,train_images/TR0374.png,source=Lagoon;target=River,1,medium,22,4,3
TR0375,train_images/TR0375.png,source=Azure;target=Queens,3,hard,67,9,8
TR0376,train_images/TR0376.png,source=Grove;target=Xenia,2,medium,29,5,4
TR0377,train_images/TR0377.png,source=Beacon;target=Nova,1,medium,29,6,4
TR0378,train_images/TR0378.png,source=Zenith;target=Nova,1,medium,26,5,4
TR0379,train_images/TR0379.png,source=Delta;target=Aurora,2,medium,28,6,5
TR0380,train_images/TR0380.png,source=Park;target=Grove,1,medium,36,6,4
TR0381,train_images/TR0381.png,source=Jade;target=Elm,1,medium,27,5,4
TR0382,train_images/TR0382.png,source=Beacon;target=Forest,1,easy,6,2,1
TR0383,train_images/TR0383.png,source=Central;target=Elm,1,easy,7,2,1
TR0384,train_images/TR0384.png,source=Beacon;target=Central,0,easy,6,2,1
TR0385,train_images/TR0385.png,source=Grove;target=Iris,0,easy,9,3,2
TR0386,train_images/TR0386.png,source=Harbor;target=Aster,0,easy,9,3,2
TR0387,train_images/TR0387.png,source=Jade;target=Delta,2,easy,11,4,3
TR0388,train_images/TR0388.png,source=Forest;target=Aster,0,medium,29,5,4
TR0389,train_images/TR0389.png,source=Forest;target=Central,1,easy,9,3,2
TR0390,train_images/TR0390.png,source=Forest;target=Beacon,1,easy,8,3,2
TR0391,train_images/TR0391.png,source=Orchid;target=Delta,2,medium,25,5,4
TR0392,train_images/TR0392.png,source=Kingfisher;target=Ridge,2,hard,50,7,6
TR0393,train_images/TR0393.png,source=Orchid;target=Maple,1,medium,17,4,3
TR0394,train_images/TR0394.png,source=Yarrow;target=Azure,3,hard,62,9,8
TR0395,train_images/TR0395.png,source=Lagoon;target=Quartz,1,medium,22,4,3
TR0396,train_images/TR0396.png,source=River;target=Harbor,2,medium,23,5,4
TR0397,train_images/TR0397.png,source=Forest;target=Grove,0,easy,10,3,2
TR0398,train_images/TR0398.png,source=Elm;target=Central,0,easy,10,3,2
TR0399,train_images/TR0399.png,source=Hill;target=Forest,2,hard,50,6,6
TR0400,train_images/TR0400.png,source=Yarrow;target=Echo,1,medium,31,6,5
TR0401,train_images/TR0401.png,source=Willow;target=Iris,2,medium,33,6,5
TR0402,train_images/TR0402.png,source=Vale;target=Delta,2,medium,26,5,4
TR0403,train_images/TR0403.png,source=Park;target=Lagoon,2,medium,30,6,5
TR0404,train_images/TR0404.png,source=Echo;target=Vale,2,hard,47,6,5
TR0405,train_images/TR0405.png,source=Harbor;target=Elm,0,easy,8,2,1
TR0406,train_images/TR0406.png,source=Aster;target=Elm,0,easy,14,4,2
TR0407,train_images/TR0407.png,source=Beacon;target=Delta,0,easy,9,3,2
TR0408,train_images/TR0408.png,source=Harbor;target=Quartz,1,hard,40,6,5
TR0409,train_images/TR0409.png,source=Lagoon;target=Central,1,medium,30,6,5
TR0410,train_images/TR0410.png,source=Ember;target=Brook,3,hard,71,9,7
TR0411,train_images/TR0411.png,source=Beacon;target=Juniper,1,hard,46,6,5
TR0412,train_images/TR0412.png,source=Vista;target=Vale,2,hard,51,7,5
TR0413,train_images/TR0413.png,source=Delta;target=Elm,0,easy,9,3,2
TR0414,train_images/TR0414.png,source=Hill;target=York,3,hard,54,7,6
TR0415,train_images/TR0415.png,source=Central;target=Harbor,1,medium,22,4,3
TR0416,train_images/TR0416.png,source=Grove;target=Forest,0,easy,7,2,1
TR0417,train_images/TR0417.png,source=Dawn;target=Beacon,2,hard,47,6,4
TR0418,train_images/TR0418.png,source=Aster;target=Delta,1,easy,13,4,3
TR0419,train_images/TR0419.png,source=Cedar;target=Park,2,hard,46,6,4
TR0420,train_images/TR0420.png,source=Queens;target=Xenia,3,hard,55,7,5
TR0421,train_images/TR0421.png,source=Lagoon;target=Park,0,medium,21,4,3
TR0422,train_images/TR0422.png,source=Iris;target=River,2,medium,27,6,5
TR0423,train_images/TR0423.png,source=Jade;target=Iris,0,easy,10,3,2
TR0424,train_images/TR0424.png,source=Grove;target=Aurora,1,medium,28,5,3
TR0425,train_images/TR0425.png,source=Aster;target=Upland,3,hard,50,7,6
TR0426,train_images/TR0426.png,source=North;target=Orchid,3,hard,70,9,8
TR0427,train_images/TR0427.png,source=Vale;target=Elm,1,medium,23,4,3
TR0428,train_images/TR0428.png,source=Central;target=Zenith,1,medium,34,6,5
TR0429,train_images/TR0429.png,source=Grove;target=Elm,1,easy,11,3,1
TR0430,train_images/TR0430.png,source=Aster;target=Central,0,easy,5,2,1
TR0431,train_images/TR0431.png,source=Maple;target=Delta,1,medium,23,4,2
TR0432,train_images/TR0432.png,source=Elm;target=Summit,1,hard,58,8,6
TR0433,train_images/TR0433.png,source=Beacon;target=Jade,1,easy,10,3,2
TR0434,train_images/TR0434.png,source=Union;target=Harbor,1,medium,22,4,3
TR0435,train_images/TR0435.png,source=Grove;target=Forest,0,easy,7,2,1
TR0436,train_images/TR0436.png,source=Beacon;target=Iris,1,medium,22,4,3
TR0437,train_images/TR0437.png,source=Aster;target=Central,0,easy,8,3,2
TR0438,train_images/TR0438.png,source=Elm;target=Kingfisher,0,medium,25,5,4
TR0439,train_images/TR0439.png,source=Grove;target=Kingfisher,1,easy,12,4,2
TR0440,train_images/TR0440.png,source=Grove;target=Forest,0,easy,11,3,2
TR0441,train_images/TR0441.png,source=Park;target=Forest,2,medium,30,6,4
TR0442,train_images/TR0442.png,source=Iris;target=Jade,0,easy,13,4,2
TR0443,train_images/TR0443.png,source=Vale;target=Beacon,2,medium,31,6,5
TR0444,train_images/TR0444.png,source=Vista;target=Keystone,1,hard,48,6,5
TR0445,train_images/TR0445.png,source=Delta;target=Jade,1,medium,28,6,5
TR0446,train_images/TR0446.png,source=Kingfisher;target=Forest,0,easy,13,4,2
TR0447,train_images/TR0447.png,source=Lagoon;target=Vale,1,medium,25,5,4
TR0448,train_images/TR0448.png,source=Xenia;target=Grove,1,medium,25,5,3
TR0449,train_images/TR0449.png,source=Harbor;target=Grove,0,easy,8,3,2
TR0450,train_images/TR0450.png,source=Beacon;target=Grove,0,medium,21,4,3
TR0451,train_images/TR0451.png,source=Central;target=Beacon,0,easy,8,2,1
TR0452,train_images/TR0452.png,source=Delta;target=Aster,0,easy,15,4,3
TR0453,train_images/TR0453.png,source=Nova;target=Central,1,easy,14,4,3
TR0454,train_images/TR0454.png,source=Kingfisher;target=Lagoon,0,easy,12,4,3
TR0455,train_images/TR0455.png,source=Delta;target=Aster,1,easy,7,2,1
TR0456,train_images/TR0456.png,source=Dock;target=Canal,4,hard,59,8,7
TR0457,train_images/TR0457.png,source=Elm;target=Beacon,1,easy,11,3,2
TR0458,train_images/TR0458.png,source=Delta;target=Central,0,easy,11,3,2
TR0459,train_images/TR0459.png,source=Forest;target=Kingfisher,0,medium,30,6,3
TR0460,train_images/TR0460.png,source=Glade;target=Yarrow,3,hard,62,8,6
TR0461,train_images/TR0461.png,source=Iris;target=Forest,0,easy,13,4,3
TR0462,train_images/TR0462.png,source=Elm;target=Beacon,1,easy,8,3,2
TR0463,train_images/TR0463.png,source=Jetty;target=Garden,2,hard,76,9,7
TR0464,train_images/TR0464.png,source=Kingfisher;target=Beacon,1,easy,13,4,3
TR0465,train_images/TR0465.png,source=Iris;target=Summit,1,hard,45,6,5
TR0466,train_images/TR0466.png,source=Lagoon;target=Harbor,0,medium,29,5,4
TR0467,train_images/TR0467.png,source=Delta;target=Aster,0,easy,11,4,3
TR0468,train_images/TR0468.png,source=Central;target=Beacon,0,easy,5,2,1
TR0469,train_images/TR0469.png,source=Grove;target=Quartz,2,medium,18,4,3
TR0470,train_images/TR0470.png,source=Beacon;target=Dawn,1,medium,32,6,5
TR0471,train_images/TR0471.png,source=Quartz;target=Beacon,1,medium,22,4,2
TR0472,train_images/TR0472.png,source=Delta;target=Elm,0,easy,10,4,3
TR0473,train_images/TR0473.png,source=Jade;target=Beacon,1,medium,22,4,3
TR0474,train_images/TR0474.png,source=Iris;target=Central,1,easy,12,3,2
TR0475,train_images/TR0475.png,source=Juniper;target=Upland,3,hard,48,6,5
TR0476,train_images/TR0476.png,source=Delta;target=Central,1,easy,12,4,2
TR0477,train_images/TR0477.png,source=Harbor;target=Forest,1,medium,20,4,2
TR0478,train_images/TR0478.png,source=Central;target=Ridge,2,hard,59,8,8
TR0479,train_images/TR0479.png,source=Willow;target=Delta,1,medium,28,5,2
TR0480,train_images/TR0480.png,source=Maple;target=Ridge,2,hard,51,7,5
TR0481,train_images/TR0481.png,source=Delta;target=Grove,0,easy,8,2,1
TR0482,train_images/TR0482.png,source=Kingfisher;target=Elm,1,easy,12,4,3
TR0483,train_images/TR0483.png,source=Beacon;target=York,1,hard,50,7,6
TR0484,train_images/TR0484.png,source=Park;target=Elm,1,medium,27,5,3
TR0485,train_images/TR0485.png,source=Orchid;target=North,4,hard,48,6,5
TR0486,train_images/TR0486.png,source=Elm;target=Delta,0,easy,7,2,1
TR0487,train_images/TR0487.png,source=Aster;target=Summit,2,medium,23,4,3
TR0488,train_images/TR0488.png,source=Beacon1;target=Xenia,5,hard,70,9,7
TR0489,train_images/TR0489.png,source=Forest;target=Delta,0,easy,13,4,3
TR0490,train_images/TR0490.png,source=Beacon;target=Kingfisher,1,easy,11,3,1
TR0491,train_images/TR0491.png,source=Elm;target=Kingfisher,0,easy,13,4,3
TR0492,train_images/TR0492.png,source=Yarrow;target=Brook,2,hard,66,8,6
TR0493,train_images/TR0493.png,source=Vale;target=Aster,2,medium,23,5,4
TR0494,train_images/TR0494.png,source=Grove;target=Elm,1,easy,9,2,1
TR0495,train_images/TR0495.png,source=River;target=Forest,2,medium,22,4,3
TR0496,train_images/TR0496.png,source=Queens;target=Vale,2,hard,65,9,7
TR0497,train_images/TR0497.png,source=Beacon;target=Elm,0,easy,8,2,1
TR0498,train_images/TR0498.png,source=Park;target=River,1,medium,22,4,2
TR0499,train_images/TR0499.png,source=Aster;target=Orchid,2,medium,27,6,5
TR0500,train_images/TR0500.png,source=Forest;target=Central,1,easy,7,2,1
TR0501,train_images/TR0501.png,source=Maple;target=Falcon,2,medium,33,6,4
TR0502,train_images/TR0502.png,source=Union;target=Yarrow,0,medium,25,5,4
TR0503,train_images/TR0503.png,source=Cedar;target=Orchid,3,hard,61,8,6
TR0504,train_images/TR0504.png,source=Nova;target=Harbor,1,medium,21,5,3
TR0505,train_images/TR0505.png,source=Grove;target=Aster,0,medium,34,6,4
TR0506,train_images/TR0506.png,source=Central;target=Grove,1,easy,8,3,2
TR0507,train_images/TR0507.png,source=Union;target=Cedar,3,medium,32,6,4
TR0508,train_images/TR0508.png,source=Kingfisher;target=Orchid,2,medium,19,4,3
TR0509,train_images/TR0509.png,source=Iris;target=Summit,2,medium,22,4,3
TR0510,train_images/TR0510.png,source=Aster;target=Elm,0,easy,7,2,1
TR0511,train_images/TR0511.png,source=Forest;target=Hill,2,hard,55,7,6
TR0512,train_images/TR0512.png,source=Grove;target=River,2,medium,22,4,3
TR0513,train_images/TR0513.png,source=Elm;target=Beacon,0,easy,11,3,1
TR0514,train_images/TR0514.png,source=Pioneer;target=Union,2,hard,60,8,6
TR0515,train_images/TR0515.png,source=Grove;target=Central,1,easy,11,4,3
TR0516,train_images/TR0516.png,source=Iris;target=Elm,1,easy,9,3,2
TR0517,train_images/TR0517.png,source=Aster;target=Delta,0,easy,8,2,1
TR0518,train_images/TR0518.png,source=Willow;target=Upland,3,hard,56,7,6
TR0519,train_images/TR0519.png,source=Central;target=Harbor,1,easy,14,4,3
TR0520,train_images/TR0520.png,source=Harbor;target=Grove,0,easy,9,2,1
TR0521,train_images/TR0521.png,source=Forest;target=Knoll,2,hard,63,9,8
TR0522,train_images/TR0522.png,source=Beacon;target=Park,1,medium,23,4,3
TR0523,train_images/TR0523.png,source=Terrace;target=Delta,1,medium,22,4,3
TR0524,train_images/TR0524.png,source=Yarrow;target=Beacon,2,medium,28,5,4
TR0525,train_images/TR0525.png,source=Beacon;target=Delta,0,easy,9,2,1
TR0526,train_images/TR0526.png,source=Maple;target=Harbor,0,medium,17,4,3
TR0527,train_images/TR0527.png,source=Quartz;target=Jade,1,medium,28,5,4
TR0528,train_images/TR0528.png,source=Elm;target=Central,1,easy,5,2,1
TR0529,train_images/TR0529.png,source=Birch;target=Hill,3,hard,69,9,7
TR0530,train_images/TR0530.png,source=Jade;target=Harbor,2,medium,17,4,3
TR0531,train_images/TR0531.png,source=Beacon;target=Elm,1,easy,11,3,2
TR0532,train_images/TR0532.png,source=Iris;target=Lagoon,0,easy,12,4,3
TR0533,train_images/TR0533.png,source=Xenia;target=Iris,1,medium,28,5,3
TR0534,train_images/TR0534.png,source=Canal;target=Terrace,2,hard,70,9,6
TR0535,train_images/TR0535.png,source=Park;target=Forest,1,medium,21,4,3
TR0536,train_images/TR0536.png,source=Delta;target=Grove,0,easy,14,4,3
TR0537,train_images/TR0537.png,source=River;target=Central,2,medium,26,5,4
TR0538,train_images/TR0538.png,source=Forest;target=Aster,0,medium,24,4,3
TR0539,train_images/TR0539.png,source=Forest;target=Grove,0,easy,7,2,1
TR0540,train_images/TR0540.png,source=Maple;target=Aster,1,medium,26,6,5
TR0541,train_images/TR0541.png,source=Elm;target=Harbor,1,easy,8,2,1
TR0542,train_images/TR0542.png,source=Elm;target=Delta,1,easy,8,3,2
TR0543,train_images/TR0543.png,source=Jade;target=Forest,1,easy,13,4,3
TR0544,train_images/TR0544.png,source=Central;target=Aster,0,easy,13,4,3
TR0545,train_images/TR0545.png,source=Iris;target=Dawn,1,medium,32,6,4
TR0546,train_images/TR0546.png,source=Harbor;target=Central,1,easy,10,3,2
TR0547,train_images/TR0547.png,source=Elm;target=Grove,0,easy,7,2,1
TR0548,train_images/TR0548.png,source=Quartz;target=Jade,0,medium,23,4,2
TR0549,train_images/TR0549.png,source=Yarrow;target=Nova,2,medium,28,5,4
TR0550,train_images/TR0550.png,source=Beacon;target=Jade,2,easy,11,3,2
TR0551,train_images/TR0551.png,source=Vale;target=Beacon,1,medium,31,5,4
TR0552,train_images/TR0552.png,source=Central;target=Elm,0,easy,7,2,1
TR0553,train_images/TR0553.png,source=Elm;target=Forest,0,easy,13,4,3
TR0554,train_images/TR0554.png,source=Vista;target=Lotus,5,hard,64,9,7
TR0555,train_images/TR0555.png,source=Maple;target=Forest,1,easy,14,4,2
TR0556,train_images/TR0556.png,source=Elm;target=Grove,1,easy,9,2,1
TR0557,train_images/TR0557.png,source=Canal;target=Iris,2,hard,59,8,6
TR0558,train_images/TR0558.png,source=River;target=Beacon,2,medium,31,6,4
TR0559,train_images/TR0559.png,source=Aster;target=Beacon,0,easy,9,3,1
TR0560,train_images/TR0560.png,source=Kingfisher;target=Harbor,2,easy,13,4,2
TR0561,train_images/TR0561.png,source=Harbor;target=Maple,2,medium,20,4,3
TR0562,train_images/TR0562.png,source=Jade;target=Orchid,1,medium,26,5,4
TR0563,train_images/TR0563.png,source=Delta;target=Iris,1,medium,24,5,4
TR0564,train_images/TR0564.png,source=Aster;target=Iris,0,easy,11,3,2
TR0565,train_images/TR0565.png,source=Brook;target=Zenith,1,medium,31,6,4
TR0566,train_images/TR0566.png,source=Beacon;target=Harbor,0,easy,12,4,3
TR0567,train_images/TR0567.png,source=Elm;target=Harbor,1,easy,11,4,2
TR0568,train_images/TR0568.png,source=Lagoon;target=Union,2,medium,28,5,4
TR0569,train_images/TR0569.png,source=Dawn;target=Oak,2,hard,52,6,5
TR0570,train_images/TR0570.png,source=Harbor;target=Xenia,1,medium,32,6,5
TR0571,train_images/TR0571.png,source=Delta;target=Elm,0,easy,7,2,1
TR0572,train_images/TR0572.png,source=Kingfisher;target=Orchid,1,medium,22,4,3
TR0573,train_images/TR0573.png,source=Delta;target=Elm,0,easy,13,4,2
TR0574,train_images/TR0574.png,source=Park;target=Willow,2,hard,46,6,4
TR0575,train_images/TR0575.png,source=Terrace;target=Kingfisher,1,medium,23,5,4
TR0576,train_images/TR0576.png,source=Aster;target=Beacon,0,easy,7,2,1
TR0577,train_images/TR0577.png,source=Elm;target=Aster,0,easy,10,3,1
TR0578,train_images/TR0578.png,source=Aster;target=Elm,0,easy,7,2,1
TR0579,train_images/TR0579.png,source=Beacon;target=Terrace,2,medium,26,5,4
TR0580,train_images/TR0580.png,source=Brook;target=Jade,2,medium,28,6,5
TR0581,train_images/TR0581.png,source=Delta;target=Central,0,easy,7,2,1
TR0582,train_images/TR0582.png,source=Elm;target=Grove,1,easy,9,2,1
TR0583,train_images/TR0583.png,source=Quartz;target=Harbor,2,medium,27,5,4
TR0584,train_images/TR0584.png,source=Garden;target=Delta,3,hard,65,8,6
TR0585,train_images/TR0585.png,source=Harbor;target=Iris,0,easy,14,4,3
TR0586,train_images/TR0586.png,source=Forest;target=Central,1,easy,12,4,2
TR0587,train_images/TR0587.png,source=Aster;target=Elm,1,easy,10,3,2
TR0588,train_images/TR0588.png,source=Grove;target=Aster,0,easy,12,3,2
TR0589,train_images/TR0589.png,source=Beacon;target=Kingfisher,1,easy,12,4,2
TR0590,train_images/TR0590.png,source=Hill;target=Cedar,4,hard,53,7,6
TR0591,train_images/TR0591.png,source=Delta;target=Jade,1,easy,13,3,2
TR0592,train_images/TR0592.png,source=Oak;target=Park,3,hard,50,7,6
TR0593,train_images/TR0593.png,source=Iris;target=Vale,2,medium,25,5,3
TR0594,train_images/TR0594.png,source=River;target=Jade,2,medium,26,5,4
TR0595,train_images/TR0595.png,source=Elm;target=Iris,1,easy,10,3,2
TR0596,train_images/TR0596.png,source=Lagoon;target=Forest,2,medium,20,4,3
TR0597,train_images/TR0597.png,source=Aster;target=Jade,2,easy,13,4,3
TR0598,train_images/TR0598.png,source=Beacon;target=Union,1,medium,21,4,2
TR0599,train_images/TR0599.png,source=Aster;target=Forest,0,easy,7,2,1
TR0600,train_images/TR0600.png,source=Grove;target=Jade,1,medium,20,4,3
TR0601,train_images/TR0601.png,source=Nova;target=Forest,1,medium,33,6,4
TR0602,train_images/TR0602.png,source=Aster;target=Elm,0,easy,7,2,1
TR0603,train_images/TR0603.png,source=Hill;target=Beacon,3,hard,70,9,8
TR0604,train_images/TR0604.png,source=Central;target=Grove,0,easy,7,2,1
TR0605,train_images/TR0605.png,source=Aurora;target=Pioneer,4,hard,44,6,5
TR0606,train_images/TR0606.png,source=Nova;target=Jade,0,medium,24,5,3
TR0607,train_images/TR0607.png,source=Delta;target=Iris,1,easy,11,4,2
TR0608,train_images/TR0608.png,source=Harbor;target=Central,1,easy,9,3,2
TR0609,train_images/TR0609.png,source=Beacon;target=Grove,1,easy,14,4,3
TR0610,train_images/TR0610.png,source=Forest;target=Beacon,1,easy,10,3,1
TR0611,train_images/TR0611.png,source=Willow;target=Beacon,2,medium,24,5,4
TR0612,train_images/TR0612.png,source=West;target=Delta,1,hard,70,9,6
TR0613,train_images/TR0613.png,source=Pioneer;target=Grove,3,hard,55,7,5
TR0614,train_images/TR0614.png,source=Aster;target=Harbor,1,medium,24,5,4
TR0615,train_images/TR0615.png,source=Elm;target=Delta,0,easy,5,2,1
TR0616,train_images/TR0616.png,source=Maple;target=Upland,2,hard,61,8,7
TR0617,train_images/TR0617.png,source=Iris;target=Harbor,0,easy,13,4,3
TR0618,train_images/TR0618.png,source=Delta;target=Aster,0,easy,8,3,2
TR0619,train_images/TR0619.png,source=Orchid;target=Central,1,medium,23,5,4
TR0620,train_images/TR0620.png,source=Dawn;target=Delta,1,hard,48,6,5
TR0621,train_images/TR0621.png,source=Nova;target=River,0,medium,27,5,4
TR0622,train_images/TR0622.png,source=Grove;target=Beacon,0,medium,30,6,4
TR0623,train_images/TR0623.png,source=River;target=Terrace,1,medium,23,5,2
TR0624,train_images/TR0624.png,source=West;target=Iris,2,hard,64,8,7
TR0625,train_images/TR0625.png,source=Stone;target=Xenia,3,hard,69,9,7
TR0626,train_images/TR0626.png,source=Forest;target=Jade,0,easy,11,3,2
TR0627,train_images/TR0627.png,source=Grove;target=Elm,1,easy,7,2,1
TR0628,train_images/TR0628.png,source=Beacon;target=Jade,0,medium,22,4,3
TR0629,train_images/TR0629.png,source=Elm;target=Beacon,0,easy,10,3,2
TR0630,train_images/TR0630.png,source=Grove;target=Terrace,2,medium,26,5,4
TR0631,train_images/TR0631.png,source=Iris;target=Central,1,easy,13,4,3
TR0632,train_images/TR0632.png,source=Beacon;target=Nova,1,medium,23,4,3
TR0633,train_images/TR0633.png,source=Forest;target=Elm,0,easy,11,4,3
TR0634,train_images/TR0634.png,source=Elm;target=Lagoon,1,medium,20,4,3
TR0635,train_images/TR0635.png,source=Beacon;target=Aster,0,easy,14,4,2
TR0636,train_images/TR0636.png,source=Vale;target=West,4,hard,54,7,5
TR0637,train_images/TR0637.png,source=Beacon;target=Central,0,easy,10,3,2
TR0638,train_images/TR0638.png,source=Forest;target=Orchid,1,medium,21,4,2
TR0639,train_images/TR0639.png,source=Dock;target=Dawn,2,hard,73,9,7
TR0640,train_images/TR0640.png,source=Lagoon;target=Central,1,easy,14,4,2
TR0641,train_images/TR0641.png,source=Ember;target=Brook,3,hard,55,7,6
TR0642,train_images/TR0642.png,source=Kingfisher;target=Forest,1,medium,22,4,3
TR0643,train_images/TR0643.png,source=Beacon;target=Echo,0,medium,32,6,3
TR0644,train_images/TR0644.png,source=Aurora;target=Xenia,1,medium,29,6,5
TR0645,train_images/TR0645.png,source=Central;target=Yarrow,1,medium,26,5,4
TR0646,train_images/TR0646.png,source=Nova;target=Summit,2,medium,19,4,3
TR0647,train_images/TR0647.png,source=Harbor;target=Nova,2,medium,27,6,5
TR0648,train_images/TR0648.png,source=Quartz;target=Iris,2,medium,19,4,3
TR0649,train_images/TR0649.png,source=Azure;target=Terrace,1,hard,51,7,5
TR0650,train_images/TR0650.png,source=Kingfisher;target=Zenith,2,medium,33,6,5
TR0651,train_images/TR0651.png,source=Delta;target=Falcon,1,medium,34,6,3
TR0652,train_images/TR0652.png,source=Xenia;target=Grove,0,medium,25,5,4
TR0653,train_images/TR0653.png,source=Echo;target=Vale,1,medium,32,6,5
TR0654,train_images/TR0654.png,source=Elm;target=Jade,0,easy,13,4,3
TR0655,train_images/TR0655.png,source=Central;target=Orchid,2,medium,21,5,3
TR0656,train_images/TR0656.png,source=Iris;target=Lagoon,2,medium,20,4,3
TR0657,train_images/TR0657.png,source=Orchid;target=Aster,1,medium,22,4,3
TR0658,train_images/TR0658.png,source=Jade;target=Forest,2,easy,14,4,3
TR0659,train_images/TR0659.png,source=Lagoon;target=Liberty,3,hard,45,6,5
TR0660,train_images/TR0660.png,source=Dawn;target=Lagoon,2,hard,46,6,4
TR0661,train_images/TR0661.png,source=Aurora;target=Central,2,hard,51,7,6
TR0662,train_images/TR0662.png,source=Iris;target=Jade,1,easy,11,4,3
TR0663,train_images/TR0663.png,source=Willow;target=River,1,medium,26,5,4
TR0664,train_images/TR0664.png,source=Grove;target=Central,0,easy,13,4,3
TR0665,train_images/TR0665.png,source=Jade;target=Nova,1,medium,20,4,2
TR0666,train_images/TR0666.png,source=Elm;target=Beacon,0,easy,7,2,1
TR0667,train_images/TR0667.png,source=Aster;target=Jade,1,easy,15,4,3
TR0668,train_images/TR0668.png,source=Elm;target=Forest,0,easy,8,3,2
TR0669,train_images/TR0669.png,source=Delta;target=Elm,0,easy,7,2,1
TR0670,train_images/TR0670.png,source=Delta;target=Union,2,medium,24,5,4
TR0671,train_images/TR0671.png,source=Aster;target=Iris,1,medium,22,4,3
TR0672,train_images/TR0672.png,source=Grove;target=Beacon,1,easy,8,2,1
TR0673,train_images/TR0673.png,source=Beacon;target=Iris,1,easy,13,4,3
TR0674,train_images/TR0674.png,source=Lagoon;target=Forest,1,easy,12,4,2
TR0675,train_images/TR0675.png,source=Beacon;target=Grove,0,easy,10,3,2
TR0676,train_images/TR0676.png,source=Forest;target=Quartz,1,medium,20,4,2
TR0677,train_images/TR0677.png,source=Harbor;target=Quartz,1,medium,22,4,3
TR0678,train_images/TR0678.png,source=Aster;target=Delta,0,easy,10,3,2
TR0679,train_images/TR0679.png,source=Ridge;target=North,3,hard,50,6,4
TR0680,train_images/TR0680.png,source=Harbor;target=Central,1,easy,15,4,3
TR0681,train_images/TR0681.png,source=Aster;target=Grove,0,easy,9,3,2
TR0682,train_images/TR0682.png,source=Delta;target=Orchid,2,medium,29,6,4
TR0683,train_images/TR0683.png,source=Jade;target=Elm,1,easy,13,4,3
TR0684,train_images/TR0684.png,source=Terrace;target=Central,1,medium,28,5,4
TR0685,train_images/TR0685.png,source=Aster;target=Quartz,2,medium,22,4,3
TR0686,train_images/TR0686.png,source=Cedar;target=Lagoon,1,medium,30,6,5
TR0687,train_images/TR0687.png,source=Harbor;target=Central,1,medium,20,4,3
TR0688,train_images/TR0688.png,source=Iris;target=Elm,1,easy,12,4,2
TR0689,train_images/TR0689.png,source=Brook;target=Union,2,medium,30,6,4
TR0690,train_images/TR0690.png,source=Harbor;target=Jade,1,medium,30,6,4
TR0691,train_images/TR0691.png,source=Park;target=Yarrow,1,hard,53,7,6
TR0692,train_images/TR0692.png,source=Delta;target=Central,1,easy,8,3,2
TR0693,train_images/TR0693.png,source=Jade;target=Central,1,medium,18,4,3
TR0694,train_images/TR0694.png,source=Harbor;target=Delta,0,easy,14,4,3
TR0695,train_images/TR0695.png,source=Grove1;target=Iris,3,hard,71,9,9
TR0696,train_images/TR0696.png,source=Harbor;target=Willow,3,medium,26,6,5
TR0697,train_images/TR0697.png,source=Keystone;target=Aurora,4,hard,44,6,5
TR0698,train_images/TR0698.png,source=Central;target=Beacon,0,easy,9,3,2
TR0699,train_images/TR0699.png,source=Central1;target=Dock,2,hard,68,9,7
TR0700,train_images/TR0700.png,source=Nova;target=Central,1,medium,24,4,3
TR0701,train_images/TR0701.png,source=Central;target=Jade,1,easy,10,3,2
TR0702,train_images/TR0702.png,source=Delta;target=Kingfisher,1,medium,21,4,3
TR0703,train_images/TR0703.png,source=Maple;target=Park,2,medium,25,5,4
TR0704,train_images/TR0704.png,source=Zenith;target=Glade,2,hard,61,8,4
TR0705,train_images/TR0705.png,source=Horizon;target=Ivory,1,hard,61,8,6
TR0706,train_images/TR0706.png,source=River;target=Nova,2,medium,26,5,4
TR0707,train_images/TR0707.png,source=Central;target=Beacon,0,easy,7,2,1
TR0708,train_images/TR0708.png,source=Xenia;target=Delta,1,hard,56,7,6
TR0709,train_images/TR0709.png,source=Maple;target=Forest,1,medium,31,6,4
TR0710,train_images/TR0710.png,source=Aster;target=Delta,0,easy,11,4,3
TR0711,train_images/TR0711.png,source=Union;target=Aster,1,medium,28,5,4
TR0712,train_images/TR0712.png,source=Delta;target=Liberty,3,hard,45,6,5
TR0713,train_images/TR0713.png,source=Delta;target=Harbor,2,easy,9,3,2
TR0714,train_images/TR0714.png,source=Aster;target=River,1,medium,33,6,5
TR0715,train_images/TR0715.png,source=Delta;target=Xenia,1,medium,25,5,2
TR0716,train_images/TR0716.png,source=Quartz;target=Lagoon,2,medium,22,4,2
TR0717,train_images/TR0717.png,source=Central;target=Lagoon,2,easy,15,4,2
TR0718,train_images/TR0718.png,source=Park;target=Jade,1,medium,24,4,3
TR0719,train_images/TR0719.png,source=Aster;target=Delta,0,easy,12,4,3
TR0720,train_images/TR0720.png,source=Delta;target=Grove,0,easy,12,3,2
TR0721,train_images/TR0721.png,source=Beacon;target=Harbor,1,medium,19,4,3
TR0722,train_images/TR0722.png,source=Orchid;target=Forest,1,hard,56,7,5
TR0723,train_images/TR0723.png,source=Harbor;target=Summit,2,medium,26,6,5
TR0724,train_images/TR0724.png,source=Grove;target=Elm,0,easy,7,2,1
TR0725,train_images/TR0725.png,source=Beacon;target=Aster,0,easy,11,4,2
TR0726,train_images/TR0726.png,source=Forest;target=Vale,2,medium,31,6,4
TR0727,train_images/TR0727.png,source=Jade;target=Cedar,1,medium,32,6,4
TR0728,train_images/TR0728.png,source=Delta;target=Beacon,1,easy,6,2,1
TR0729,train_images/TR0729.png,source=Beacon;target=Forest,1,easy,6,2,1
TR0730,train_images/TR0730.png,source=Delta;target=Beacon,0,easy,7,2,1
TR0731,train_images/TR0731.png,source=Beacon;target=Jade,0,medium,30,6,5
TR0732,train_images/TR0732.png,source=Summit;target=Tower,4,hard,55,7,6
TR0733,train_images/TR0733.png,source=Grove;target=Union,2,medium,24,4,3
TR0734,train_images/TR0734.png,source=Delta;target=Forest,1,easy,12,3,2
TR0735,train_images/TR0735.png,source=Lagoon;target=Terrace,1,medium,22,4,2
TR0736,train_images/TR0736.png,source=Nova;target=Iris,2,medium,21,4,3
TR0737,train_images/TR0737.png,source=Delta;target=Central,0,easy,6,2,1
TR0738,train_images/TR0738.png,source=Forest;target=Willow,1,medium,25,5,4
TR0739,train_images/TR0739.png,source=Cedar;target=Vale,3,hard,45,6,5
TR0740,train_images/TR0740.png,source=Elm;target=Aster,0,easy,9,3,2
TR0741,train_images/TR0741.png,source=Beacon;target=Delta,0,easy,7,2,1
TR0742,train_images/TR0742.png,source=Kingfisher;target=Elm,1,medium,22,4,3
TR0743,train_images/TR0743.png,source=Harbor;target=Central,0,easy,9,2,1
TR0744,train_images/TR0744.png,source=Terrace;target=Central,1,medium,20,4,3
TR0745,train_images/TR0745.png,source=Delta;target=Quartz,2,medium,21,4,3
TR0746,train_images/TR0746.png,source=Kingfisher;target=Grove,1,easy,11,4,3
TR0747,train_images/TR0747.png,source=Terrace;target=Maple,3,medium,29,6,5
TR0748,train_images/TR0748.png,source=Beacon;target=Iris,1,easy,9,3,2
TR0749,train_images/TR0749.png,source=Dock;target=Pioneer,5,hard,61,8,6
TR0750,train_images/TR0750.png,source=Forest;target=Aster,1,easy,15,4,2
TR0751,train_images/TR0751.png,source=Maple;target=Jade,2,medium,21,4,3
TR0752,train_images/TR0752.png,source=Elm;target=Aster,0,easy,7,2,1
TR0753,train_images/TR0753.png,source=Dawn;target=Canal,2,hard,63,8,6
TR0754,train_images/TR0754.png,source=Harbor;target=Beacon,1,easy,12,4,3
TR0755,train_images/TR0755.png,source=Elm;target=Delta,1,easy,6,2,1
TR0756,train_images/TR0756.png,source=Grove;target=Falcon,2,hard,50,6,5
TR0757,train_images/TR0757.png,source=Orchid;target=Beacon,1,medium,25,5,4
TR0758,train_images/TR0758.png,source=Elm;target=Harbor,0,easy,11,4,3
TR0759,train_images/TR0759.png,source=Xenia;target=Vale,1,medium,33,6,5
TR0760,train_images/TR0760.png,source=Aster;target=Grove,1,easy,9,3,2
TR0761,train_images/TR0761.png,source=Forest;target=Aster,0,easy,8,2,1
TR0762,train_images/TR0762.png,source=Delta;target=Hill,2,hard,64,8,8
TR0763,train_images/TR0763.png,source=Terrace;target=Zenith,3,medium,32,6,5
TR0764,train_images/TR0764.png,source=Elm;target=Orchid,2,medium,25,5,4
TR0765,train_images/TR0765.png,source=Delta;target=Vale,1,medium,22,4,3
TR0766,train_images/TR0766.png,source=Forest;target=Delta,0,easy,10,4,2
TR0767,train_images/TR0767.png,source=Quartz;target=Kingfisher,2,medium,18,4,3
TR0768,train_images/TR0768.png,source=Elm;target=Delta,0,easy,8,2,1
TR0769,train_images/TR0769.png,source=Kingfisher;target=Aster,2,easy,14,4,3
TR0770,train_images/TR0770.png,source=Harbor;target=Elm,0,easy,8,3,2
TR0771,train_images/TR0771.png,source=Beacon;target=Forest,0,medium,28,5,3
TR0772,train_images/TR0772.png,source=Union;target=Birch,3,hard,58,8,7
TR0773,train_images/TR0773.png,source=Yarrow;target=Cedar,0,medium,29,6,5
TR0774,train_images/TR0774.png,source=Beacon;target=Aster,0,easy,7,2,1
TR0775,train_images/TR0775.png,source=Aster;target=Forest,0,medium,26,5,3
TR0776,train_images/TR0776.png,source=Tower;target=Dock,4,hard,69,8,7
TR0777,train_images/TR0777.png,source=Grove;target=Forest,0,easy,9,2,1
TR0778,train_images/TR0778.png,source=Beacon;target=Aster,0,easy,10,3,1
TR0779,train_images/TR0779.png,source=Elm;target=Aster,0,medium,18,4,3
TR0780,train_images/TR0780.png,source=Nova;target=Harbor,2,medium,21,4,3
TR0781,train_images/TR0781.png,source=Central;target=Pioneer,4,hard,44,6,5
TR0782,train_images/TR0782.png,source=Pioneer;target=Forest,3,hard,59,8,7
TR0783,train_images/TR0783.png,source=Forest;target=Iris,1,easy,10,3,2
TR0784,train_images/TR0784.png,source=Summit;target=Maple,0,medium,32,6,4
TR0785,train_images/TR0785.png,source=Aster;target=Elm,1,easy,10,3,2
TR0786,train_images/TR0786.png,source=Grove;target=Forest,0,easy,7,2,1
TR0787,train_images/TR0787.png,source=Harbor;target=Elm,1,medium,22,4,2
TR0788,train_images/TR0788.png,source=Harbor;target=Kingfisher,0,easy,11,3,2
TR0789,train_images/TR0789.png,source=Delta;target=Central,1,easy,5,2,1
TR0790,train_images/TR0790.png,source=Aster;target=Tower,1,hard,57,7,6
TR0791,train_images/TR0791.png,source=Delta;target=Aster,1,easy,6,2,1
TR0792,train_images/TR0792.png,source=Vale;target=Vista,4,hard,54,7,5
TR0793,train_images/TR0793.png,source=Delta;target=Grove,1,easy,12,4,3
TR0794,train_images/TR0794.png,source=Forest;target=Central,1,easy,14,4,3
TR0795,train_images/TR0795.png,source=Grove;target=Aster,0,easy,9,2,1
TR0796,train_images/TR0796.png,source=Beacon;target=Elm,1,easy,6,2,1
TR0797,train_images/TR0797.png,source=Aster;target=Central,0,easy,6,2,1
TR0798,train_images/TR0798.png,source=Park;target=Orchid,0,easy,16,4,2
TR0799,train_images/TR0799.png,source=Forest;target=Beacon,1,easy,11,3,2
TR0800,train_images/TR0800.png,source=West;target=Queens,1,hard,57,8,7
TR0801,train_images/TR0801.png,source=Xenia;target=Delta,2,medium,33,6,5
TR0802,train_images/TR0802.png,source=Grove;target=Delta,1,easy,11,3,2
TR0803,train_images/TR0803.png,source=Elm;target=Beacon,1,easy,14,4,2
TR0804,train_images/TR0804.png,source=Delta;target=Beacon,0,easy,7,2,1
TR0805,train_images/TR0805.png,source=Nova;target=Lagoon,1,medium,33,6,5
TR0806,train_images/TR0806.png,source=Kingfisher;target=Delta,1,easy,14,4,2
TR0807,train_images/TR0807.png,source=Jade;target=Harbor,0,easy,10,3,2
TR0808,train_images/TR0808.png,source=Azure;target=Dawn,3,hard,54,7,6
TR0809,train_images/TR0809.png,source=Central;target=Maple,1,medium,26,5,2
TR0810,train_images/TR0810.png,source=Upland;target=Ivory,1,hard,64,8,8
TR0811,train_images/TR0811.png,source=Forest;target=Delta,1,easy,7,3,1
TR0812,train_images/TR0812.png,source=Meadow;target=Aurora,4,hard,48,6,5
TR0813,train_images/TR0813.png,source=Summit;target=Maple,2,medium,31,6,5
TR0814,train_images/TR0814.png,source=Harbor;target=Grove,0,easy,8,2,1
TR0815,train_images/TR0815.png,source=Lagoon;target=Forest,1,medium,21,4,3
TR0816,train_images/TR0816.png,source=Cedar;target=Union,3,hard,45,6,5
TR0817,train_images/TR0817.png,source=Beacon;target=Grove,0,easy,10,3,2
TR0818,train_images/TR0818.png,source=Delta;target=Elm,0,easy,7,2,1
TR0819,train_images/TR0819.png,source=Delta;target=Vale,1,medium,30,6,5
TR0820,train_images/TR0820.png,source=Grove;target=Central,1,easy,8,2,1
TR0821,train_images/TR0821.png,source=Harbor;target=Maple,2,medium,22,4,3
TR0822,train_images/TR0822.png,source=Forest;target=Central,1,easy,7,2,1
TR0823,train_images/TR0823.png,source=Delta;target=Central,0,easy,8,3,1
TR0824,train_images/TR0824.png,source=Iris;target=Oak,3,hard,49,6,5
TR0825,train_images/TR0825.png,source=Jade;target=Central,1,easy,14,4,3
TR0826,train_images/TR0826.png,source=Beacon;target=Zenith,1,medium,30,6,5
TR0827,train_images/TR0827.png,source=Central;target=Aster,0,easy,10,3,2
TR0828,train_images/TR0828.png,source=Forest;target=Aster,1,easy,9,3,2
TR0829,train_images/TR0829.png,source=Delta;target=Aster,0,easy,7,2,1
TR0830,train_images/TR0830.png,source=Glade;target=Pioneer,1,hard,68,9,8
TR0831,train_images/TR0831.png,source=Jade;target=Keystone,1,hard,66,9,8
TR0832,train_images/TR0832.png,source=Vale;target=Elm,1,medium,24,4,2
TR0833,train_images/TR0833.png,source=Grove;target=Forest,0,easy,13,4,2
TR0834,train_images/TR0834.png,source=Kingfisher;target=Terrace,1,medium,24,5,4
TR0835,train_images/TR0835.png,source=Grove;target=Beacon,1,medium,24,5,4
TR0836,train_images/TR0836.png,source=Beacon;target=Summit,2,hard,68,9,8
TR0837,train_images/TR0837.png,source=Delta;target=York,2,hard,56,7,6
TR0838,train_images/TR0838.png,source=Elm;target=Delta,0,easy,6,2,1
TR0839,train_images/TR0839.png,source=Central;target=Union,1,medium,34,6,5
TR0840,train_images/TR0840.png,source=Beacon;target=Nova,2,medium,19,4,3
TR0841,train_images/TR0841.png,source=Beacon;target=Central,0,easy,6,2,1
TR0842,train_images/TR0842.png,source=Jade;target=Central,0,medium,25,5,4
TR0843,train_images/TR0843.png,source=Oak;target=Orchid,3,hard,43,6,4
TR0844,train_images/TR0844.png,source=Delta;target=Forest,2,easy,9,3,2
TR0845,train_images/TR0845.png,source=Iris;target=Forest,1,medium,26,5,4
TR0846,train_images/TR0846.png,source=Central;target=Forest,1,easy,12,4,2
TR0847,train_images/TR0847.png,source=Aster;target=Grove,1,easy,10,3,2
TR0848,train_images/TR0848.png,source=Delta;target=Grove,0,easy,13,4,2
TR0849,train_images/TR0849.png,source=Delta;target=Central,0,easy,7,2,1
TR0850,train_images/TR0850.png,source=Aster;target=Beacon,0,easy,6,2,1
TR0851,train_images/TR0851.png,source=Grove;target=Union,1,medium,22,5,4
TR0852,train_images/TR0852.png,source=Iris;target=Birch,2,hard,61,8,6
TR0853,train_images/TR0853.png,source=Forest;target=Beacon,1,easy,8,2,1
TR0854,train_images/TR0854.png,source=Jade;target=Xenia,1,medium,26,5,3
TR0855,train_images/TR0855.png,source=Nova;target=Orchid,1,medium,19,4,3
TR0856,train_images/TR0856.png,source=Forest;target=Beacon,2,easy,11,4,3
TR0857,train_images/TR0857.png,source=Aster;target=Quartz,1,medium,19,4,3
TR0858,train_images/TR0858.png,source=Park;target=Summit,3,medium,24,5,4
TR0859,train_images/TR0859.png,source=Harbor;target=Beacon,0,easy,8,2,1
TR0860,train_images/TR0860.png,source=Ember;target=Tower,3,hard,56,7,6
TR0861,train_images/TR0861.png,source=Elm;target=Forest,0,easy,9,3,2
TR0862,train_images/TR0862.png,source=Lagoon;target=Kingfisher,0,easy,15,4,3
TR0863,train_images/TR0863.png,source=Grove;target=Aster,0,easy,7,2,1
TR0864,train_images/TR0864.png,source=Grove;target=Beacon,0,easy,12,4,3
TR0865,train_images/TR0865.png,source=York;target=Summit,3,hard,64,8,7
TR0866,train_images/TR0866.png,source=Aster;target=Jade,1,easy,10,3,2
TR0867,train_images/TR0867.png,source=Jade;target=Iris,0,easy,12,4,3
TR0868,train_images/TR0868.png,source=Terrace;target=Cedar,1,hard,47,6,5
TR0869,train_images/TR0869.png,source=Aster;target=Forest,0,easy,13,4,2
TR0870,train_images/TR0870.png,source=Forest;target=Iris,1,easy,12,3,2
TR0871,train_images/TR0871.png,source=Lagoon;target=Harbor,0,easy,14,4,3
TR0872,train_images/TR0872.png,source=Central;target=Forest,1,easy,8,2,1
TR0873,train_images/TR0873.png,source=Vale;target=Elm,3,medium,30,6,5
TR0874,train_images/TR0874.png,source=Forest;target=Kingfisher,1,easy,13,4,3
TR0875,train_images/TR0875.png,source=Beacon;target=Aster,0,easy,11,3,2
TR0876,train_images/TR0876.png,source=Nova;target=Union,0,medium,29,6,5
TR0877,train_images/TR0877.png,source=Delta;target=Iris,1,medium,21,4,3
TR0878,train_images/TR0878.png,source=Tower;target=Hill,1,hard,55,7,6
TR0879,train_images/TR0879.png,source=Harbor;target=Elm,1,easy,9,3,2
TR0880,train_images/TR0880.png,source=Terrace;target=Azure,2,hard,61,8,7
TR0881,train_images/TR0881.png,source=Harbor;target=Lagoon,0,medium,31,6,5
TR0882,train_images/TR0882.png,source=Yarrow;target=Quartz,3,medium,32,6,4
TR0883,train_images/TR0883.png,source=Orchid;target=Kingfisher,0,easy,15,4,3
TR0884,train_images/TR0884.png,source=Elm;target=Nova,1,medium,21,4,2
TR0885,train_images/TR0885.png,source=Central;target=Aster,0,easy,7,2,1
TR0886,train_images/TR0886.png,source=Grove;target=Knoll,3,hard,63,9,9
TR0887,train_images/TR0887.png,source=Zenith;target=Azure,3,hard,63,8,6
TR0888,train_images/TR0888.png,source=Harbor;target=Quartz,1,medium,25,5,4
TR0889,train_images/TR0889.png,source=Delta;target=Central,1,easy,5,2,1
TR0890,train_images/TR0890.png,source=Brook;target=Zenith,2,hard,51,6,4
TR0891,train_images/TR0891.png,source=Zenith;target=Central,1,medium,34,6,4
TR0892,train_images/TR0892.png,source=Orchid;target=Central,1,medium,22,4,3
TR0893,train_images/TR0893.png,source=Nova;target=Terrace,1,medium,21,4,3
TR0894,train_images/TR0894.png,source=Aster;target=Iris,0,easy,9,3,2
TR0895,train_images/TR0895.png,source=Aster;target=Nova,1,medium,20,4,3
TR0896,train_images/TR0896.png,source=Forest;target=Lagoon,1,medium,27,5,3
TR0897,train_images/TR0897.png,source=Harbor;target=Kingfisher,0,easy,15,4,2
TR0898,train_images/TR0898.png,source=Forest;target=Delta,1,easy,12,3,2
TR0899,train_images/TR0899.png,source=Harbor;target=Beacon,1,easy,13,4,3
TR0900,train_images/TR0900.png,source=Aster;target=Elm,0,easy,7,2,1
TR0901,train_images/TR0901.png,source=Forest;target=Beacon,1,easy,8,2,1
TR0902,train_images/TR0902.png,source=Xenia;target=North,2,hard,49,6,4
TR0903,train_images/TR0903.png,source=Lagoon;target=Vale,1,medium,34,6,5
TR0904,train_images/TR0904.png,source=Harbor;target=Delta,1,easy,9,3,2
TR0905,train_images/TR0905.png,source=Delta;target=Elm,0,easy,5,2,1
TR0906,train_images/TR0906.png,source=Kingfisher;target=Hill,1,hard,53,8,5
TR0907,train_images/TR0907.png,source=Elm;target=Beacon,0,easy,8,2,1
TR0908,train_images/TR0908.png,source=York;target=Harbor,2,hard,67,9,7
TR0909,train_images/TR0909.png,source=Central;target=Park,1,medium,26,5,4
TR0910,train_images/TR0910.png,source=Orchid;target=Iris,1,medium,30,6,5
TR0911,train_images/TR0911.png,source=Beacon;target=Grove,1,easy,14,4,2
TR0912,train_images/TR0912.png,source=Kingfisher;target=Quartz,1,medium,21,4,3
TR0913,train_images/TR0913.png,source=Zenith;target=Elm,1,medium,29,6,4
TR0914,train_images/TR0914.png,source=Elm;target=Central,0,easy,8,2,1
TR0915,train_images/TR0915.png,source=Beacon;target=Orchid,1,medium,22,4,3
TR0916,train_images/TR0916.png,source=Jetty;target=Vale,3,hard,65,8,7
TR0917,train_images/TR0917.png,source=Delta;target=Grove,1,easy,9,3,2
TR0918,train_images/TR0918.png,source=Beacon;target=Forest,1,easy,7,2,1
TR0919,train_images/TR0919.png,source=Jade;target=Lagoon,0,easy,12,4,2
TR0920,train_images/TR0920.png,source=Grove;target=Aster,0,easy,8,2,1
TR0921,train_images/TR0921.png,source=Iris;target=Grove,1,easy,12,4,3
TR0922,train_images/TR0922.png,source=Maple;target=Kingfisher,0,easy,13,4,3
TR0923,train_images/TR0923.png,source=Orchid;target=Vale,1,medium,24,4,2
TR0924,train_images/TR0924.png,source=Central;target=Grove,1,easy,7,2,1
TR0925,train_images/TR0925.png,source=North;target=Aster,3,hard,49,7,6
TR0926,train_images/TR0926.png,source=Keystone;target=Quartz,2,hard,60,8,6
TR0927,train_images/TR0927.png,source=Glade;target=Ridge,3,hard,69,9,5
TR0928,train_images/TR0928.png,source=Beacon;target=Central,0,easy,6,2,1
TR0929,train_images/TR0929.png,source=Xenia;target=Harbor,3,medium,32,6,5
TR0930,train_images/TR0930.png,source=Kingfisher;target=Zenith,1,medium,30,6,5
TR0931,train_images/TR0931.png,source=Aster;target=Jade,1,medium,32,6,4
TR0932,train_images/TR0932.png,source=Central;target=Delta,1,easy,7,2,1
TR0933,train_images/TR0933.png,source=Delta;target=Central,0,easy,10,3,2
TR0934,train_images/TR0934.png,source=Central;target=Forest,1,easy,10,4,2
TR0935,train_images/TR0935.png,source=Kingfisher;target=Aster,0,medium,20,4,3
TR0936,train_images/TR0936.png,source=Brook;target=Oak,1,hard,50,7,4
TR0937,train_images/TR0937.png,source=Aster;target=Summit,1,medium,21,4,2
TR0938,train_images/TR0938.png,source=Delta;target=Central,0,easy,7,2,1
TR0939,train_images/TR0939.png,source=Ember;target=Meadow,4,hard,56,7,7
TR0940,train_images/TR0940.png,source=Aster;target=Maple,2,medium,21,4,3
TR0941,train_images/TR0941.png,source=Aster;target=Beacon,0,easy,10,3,2
TR0942,train_images/TR0942.png,source=Iris;target=Orchid,1,medium,27,5,3
TR0943,train_images/TR0943.png,source=Grove;target=Maple,1,medium,19,4,3
TR0944,train_images/TR0944.png,source=River;target=Maple,2,medium,26,5,3
TR0945,train_images/TR0945.png,source=Park;target=Aurora,2,medium,27,5,4
TR0946,train_images/TR0946.png,source=Liberty;target=Azure,4,hard,66,8,7
TR0947,train_images/TR0947.png,source=Jade;target=Central,1,medium,20,4,3
TR0948,train_images/TR0948.png,source=Forest;target=Central,1,easy,9,3,2
TR0949,train_images/TR0949.png,source=Beacon;target=Central,0,easy,8,3,2
TR0950,train_images/TR0950.png,source=Nova;target=Jade,1,medium,23,4,3
TR0951,train_images/TR0951.png,source=Lagoon;target=Park,0,medium,28,5,4
TR0952,train_images/TR0952.png,source=Central;target=Summit,1,medium,25,5,3
TR0953,train_images/TR0953.png,source=Harbor;target=Forest,0,easy,10,4,3
TR0954,train_images/TR0954.png,source=Vale;target=Forest,1,medium,27,6,4
TR0955,train_images/TR0955.png,source=Grove;target=Cedar,3,medium,34,6,5
TR0956,train_images/TR0956.png,source=Upland;target=Beacon,1,hard,49,6,4
TR0957,train_images/TR0957.png,source=Jade;target=Central,1,medium,24,5,4
TR0958,train_images/TR0958.png,source=Meadow;target=Stone,4,hard,47,6,5
TR0959,train_images/TR0959.png,source=Dawn;target=Falcon,3,hard,63,9,8
TR0960,train_images/TR0960.png,source=Summit;target=Harbor,1,medium,21,4,3
TR0961,train_images/TR0961.png,source=Canal;target=Quartz,1,hard,62,8,7
TR0962,train_images/TR0962.png,source=Brook;target=Aster,2,medium,31,6,4
TR0963,train_images/TR0963.png,source=Xenia;target=Willow,1,hard,46,6,5
TR0964,train_images/TR0964.png,source=Forest;target=Union,2,medium,25,5,2
TR0965,train_images/TR0965.png,source=Lagoon;target=Aster,0,medium,22,4,2
TR0966,train_images/TR0966.png,source=Delta;target=Falcon,2,hard,53,7,6
TR0967,train_images/TR0967.png,source=Elm;target=Iris,1,medium,17,4,3
TR0968,train_images/TR0968.png,source=Beacon;target=Jade,1,easy,10,4,2
TR0969,train_images/TR0969.png,source=Aster;target=Central,0,easy,10,3,1
TR0970,train_images/TR0970.png,source=Central;target=Maple,1,easy,15,4,3
TR0971,train_images/TR0971.png,source=Iris;target=Delta,1,medium,28,5,4
TR0972,train_images/TR0972.png,source=Central;target=Dawn,1,medium,32,6,5
TR0973,train_images/TR0973.png,source=Grove;target=Iris,0,easy,10,3,2
TR0974,train_images/TR0974.png,source=Lagoon;target=Aster,1,medium,25,5,4
TR0975,train_images/TR0975.png,source=Kingfisher;target=Grove,0,medium,19,4,3
TR0976,train_images/TR0976.png,source=Summit;target=Jade,1,medium,21,4,3
TR0977,train_images/TR0977.png,source=Iris;target=Delta,1,medium,31,6,5
TR0978,train_images/TR0978.png,source=Forest;target=Aster,0,medium,25,5,4
TR0979,train_images/TR0979.png,source=Jade;target=Elm,1,easy,10,4,3
TR0980,train_images/TR0980.png,source=River;target=Lagoon,0,medium,22,4,3
TR0981,train_images/TR0981.png,source=Nova;target=Grove,1,medium,24,5,4
TR0982,train_images/TR0982.png,source=Lagoon;target=Park,0,medium,20,4,3
TR0983,train_images/TR0983.png,source=River;target=Beacon,1,medium,20,4,3
TR0984,train_images/TR0984.png,source=Jade;target=Orchid,1,medium,25,5,4
TR0985,train_images/TR0985.png,source=Iris;target=Kingfisher,0,easy,11,3,2
TR0986,train_images/TR0986.png,source=Orchid;target=Delta,1,hard,67,8,7
TR0987,train_images/TR0987.png,source=Jade;target=Terrace,1,medium,21,4,2
TR0988,train_images/TR0988.png,source=Zenith;target=Kingfisher,1,medium,26,5,3
TR0989,train_images/TR0989.png,source=Lagoon;target=Elm,2,easy,14,4,3
TR0990,train_images/TR0990.png,source=Beacon;target=Harbor,1,medium,26,5,4
TR0991,train_images/TR0991.png,source=Stone;target=River,1,hard,55,7,5
TR0992,train_images/TR0992.png,source=Aster;target=Kingfisher,2,easy,12,4,3
TR0993,train_images/TR0993.png,source=Aster;target=Elm,1,easy,7,2,1
TR0994,train_images/TR0994.png,source=Beacon;target=Yarrow,2,medium,28,6,4
TR0995,train_images/TR0995.png,source=Forest;target=Grove,0,easy,10,3,2
TR0996,train_images/TR0996.png,source=Harbor;target=Delta,1,easy,9,3,2
TR0997,train_images/TR0997.png,source=Summit;target=Grove,2,medium,32,6,4
TR0998,train_images/TR0998.png,source=Union;target=Aurora,1,medium,31,6,4
TR0999,train_images/TR0999.png,source=Maple;target=Cedar,3,medium,29,6,4
TR1000,train_images/TR1000.png,source=Delta;target=Union,2,medium,26,5,4
